-- SQuirrel készítve
CREATE SCHEMA "BBT"
;
CREATE TABLE "BBT"."TOWN"
(
   ID bigint PRIMARY KEY NOT NULL,
   NAME varchar(255) NOT NULL
)
;
CREATE UNIQUE INDEX SQL130505104628510 ON "BBT"."TOWN"(NAME)
;
CREATE UNIQUE INDEX SQL130505104624070 ON "BBT"."TOWN"(ID)
;
CREATE TABLE "BBT"."STREET"
(
   ID bigint PRIMARY KEY NOT NULL,
   NAME varchar(255) NOT NULL,
   TOWN_ID bigint NOT NULL
)
;
ALTER TABLE "BBT"."STREET"
ADD CONSTRAINT FK_95CB284A104042F8A92C05B5BAE
FOREIGN KEY (TOWN_ID)
REFERENCES "BBT"."TOWN"(ID)
;
CREATE UNIQUE INDEX SQL130505104623390 ON "BBT"."STREET"(ID)
;
CREATE INDEX SQL130505104628180 ON "BBT"."STREET"(TOWN_ID)
;
CREATE UNIQUE INDEX SQL130505104627870 ON "BBT"."STREET"(NAME)
;
CREATE TABLE "BBT"."BUILDING"
(
   ID bigint PRIMARY KEY NOT NULL,
   NAME varchar(255) NOT NULL,
   NUMBER int NOT NULL,
   STREET_ID bigint NOT NULL
)
;
ALTER TABLE "BBT"."BUILDING"
ADD CONSTRAINT FK_9BA07F0CC4C84975BC5AB18DE9F
FOREIGN KEY (STREET_ID)
REFERENCES "BBT"."STREET"(ID)
;
CREATE INDEX SQL130505104625080 ON "BBT"."BUILDING"(STREET_ID)
;
CREATE UNIQUE INDEX SQL130505104624690 ON "BBT"."BUILDING"(NAME)
;
CREATE UNIQUE INDEX SQL130505104619520 ON "BBT"."BUILDING"(ID)
;
CREATE TABLE "BBT"."PRODUCER"
(
   ID bigint PRIMARY KEY NOT NULL,
   PRODUCTION bigint NOT NULL,
   RATE varchar(255) NOT NULL,
   TYPE varchar(255) NOT NULL
)
;
CREATE UNIQUE INDEX SQL130505104622820 ON "BBT"."PRODUCER"(ID)
;
CREATE UNIQUE INDEX SQL130505104627540 ON "BBT"."PRODUCER"(TYPE)
;
CREATE TABLE "BBT"."HOUSE"
(
   ID bigint PRIMARY KEY NOT NULL,
   NAME varchar(255) NOT NULL,
   NUMBER int NOT NULL,
   BUILDING_ID bigint NOT NULL,
   PRODUCER_ID bigint
)
;
ALTER TABLE "BBT"."HOUSE"
ADD CONSTRAINT FK_F11D883864F34D82B9018817DA5
FOREIGN KEY (PRODUCER_ID)
REFERENCES "BBT"."PRODUCER"(ID)
;
ALTER TABLE "BBT"."HOUSE"
ADD CONSTRAINT FK_74688B7626D8428CBE5DD1A6032
FOREIGN KEY (BUILDING_ID)
REFERENCES "BBT"."BUILDING"(ID)
;
CREATE UNIQUE INDEX SQL130505104625940 ON "BBT"."HOUSE"(NAME)
;
CREATE INDEX SQL130505104626240 ON "BBT"."HOUSE"(BUILDING_ID)
;
CREATE UNIQUE INDEX SQL130505104621090 ON "BBT"."HOUSE"(ID)
;
CREATE INDEX SQL130505104626550 ON "BBT"."HOUSE"(PRODUCER_ID)
;
CREATE TABLE "BBT"."CONSUMER"
(
   ID bigint PRIMARY KEY NOT NULL,
   CONSUMPTION bigint NOT NULL,
   RATE varchar(255) NOT NULL,
   TYPE varchar(255) NOT NULL
)
;
CREATE UNIQUE INDEX SQL130505104620410 ON "BBT"."CONSUMER"(ID)
;
CREATE UNIQUE INDEX SQL130505104625570 ON "BBT"."CONSUMER"(TYPE)
;
CREATE TABLE "BBT"."HOUSE_CONSUMER"
(
   HOUSE_ID bigint NOT NULL,
   CONSUMER_ID bigint NOT NULL,
   CONSTRAINT SQL130505104621810 PRIMARY KEY (HOUSE_ID,CONSUMER_ID)
)
;
ALTER TABLE "BBT"."HOUSE_CONSUMER"
ADD CONSTRAINT FK_AD6E849C66B147749F2ED52DDFC
FOREIGN KEY (CONSUMER_ID)
REFERENCES "BBT"."CONSUMER"(ID)
;
ALTER TABLE "BBT"."HOUSE_CONSUMER"
ADD CONSTRAINT FK_143B181AD5FB4B5FBAD032F9FE4
FOREIGN KEY (HOUSE_ID)
REFERENCES "BBT"."HOUSE"(ID)
;
CREATE INDEX SQL130505104627220 ON "BBT"."HOUSE_CONSUMER"(HOUSE_ID)
;
CREATE UNIQUE INDEX SQL130505104621810 ON "BBT"."HOUSE_CONSUMER"
(
  HOUSE_ID,
  CONSUMER_ID
)
;
CREATE INDEX SQL130505104626900 ON "BBT"."HOUSE_CONSUMER"(CONSUMER_ID)
;
INSERT INTO "BBT"."TOWN" (ID,NAME) VALUES (1,'Rockland St. Peter');
INSERT INTO "BBT"."STREET" (ID,NAME,TOWN_ID) VALUES (1,'Gornik Lane',1);
INSERT INTO "BBT"."STREET" (ID,NAME,TOWN_ID) VALUES (2,'Fothergill Road',1);
INSERT INTO "BBT"."BUILDING" (ID,NAME,NUMBER,STREET_ID) VALUES (1,'Koprowski Building',1,1);
INSERT INTO "BBT"."BUILDING" (ID,NAME,NUMBER,STREET_ID) VALUES (2,'Herrion Building',2,2);
INSERT INTO "BBT"."BUILDING" (ID,NAME,NUMBER,STREET_ID) VALUES (3,'Wescovich Building',1,2);
INSERT INTO "BBT"."PRODUCER" (ID,PRODUCTION,RATE,TYPE) VALUES (1,7,'DAYS','HYDRO');
INSERT INTO "BBT"."PRODUCER" (ID,PRODUCTION,RATE,TYPE) VALUES (2,53,'DAYS','WIND');
INSERT INTO "BBT"."PRODUCER" (ID,PRODUCTION,RATE,TYPE) VALUES (3,92,'DAYS','SOLAR');
INSERT INTO "BBT"."HOUSE" (ID,NAME,NUMBER,BUILDING_ID,PRODUCER_ID) VALUES (1,'Vibert Residence',1,1,1);
INSERT INTO "BBT"."HOUSE" (ID,NAME,NUMBER,BUILDING_ID,PRODUCER_ID) VALUES (2,'Meabon Residence',2,1,2);
INSERT INTO "BBT"."HOUSE" (ID,NAME,NUMBER,BUILDING_ID,PRODUCER_ID) VALUES (3,'Debaets Residence',1,2,3);
INSERT INTO "BBT"."HOUSE" (ID,NAME,NUMBER,BUILDING_ID,PRODUCER_ID) VALUES (4,'Courcelle Residence',3,2,3);
INSERT INTO "BBT"."HOUSE" (ID,NAME,NUMBER,BUILDING_ID,PRODUCER_ID) VALUES (5,'Wagenheim Residence',2,2,2);
INSERT INTO "BBT"."HOUSE" (ID,NAME,NUMBER,BUILDING_ID,PRODUCER_ID) VALUES (6,'Hurni Residence',2,3,1);
INSERT INTO "BBT"."HOUSE" (ID,NAME,NUMBER,BUILDING_ID,PRODUCER_ID) VALUES (7,'Klamet Residence',1,3,2);
INSERT INTO "BBT"."CONSUMER" (ID,CONSUMPTION,RATE,TYPE) VALUES (1,65,'DAYS','COMPUTER');
INSERT INTO "BBT"."CONSUMER" (ID,CONSUMPTION,RATE,TYPE) VALUES (2,68,'DAYS','WASHING_MACHINE');
INSERT INTO "BBT"."CONSUMER" (ID,CONSUMPTION,RATE,TYPE) VALUES (3,94,'DAYS','REFRIDGERATOR');
INSERT INTO "BBT"."CONSUMER" (ID,CONSUMPTION,RATE,TYPE) VALUES (4,67,'DAYS','DISH_WASHER');
INSERT INTO "BBT"."CONSUMER" (ID,CONSUMPTION,RATE,TYPE) VALUES (5,80,'DAYS','TELEVISION');
INSERT INTO "BBT"."CONSUMER" (ID,CONSUMPTION,RATE,TYPE) VALUES (6,97,'DAYS','OWEN');
INSERT INTO "BBT"."HOUSE_CONSUMER" (HOUSE_ID,CONSUMER_ID) VALUES (1,1);
INSERT INTO "BBT"."HOUSE_CONSUMER" (HOUSE_ID,CONSUMER_ID) VALUES (2,2);
INSERT INTO "BBT"."HOUSE_CONSUMER" (HOUSE_ID,CONSUMER_ID) VALUES (3,3);
INSERT INTO "BBT"."HOUSE_CONSUMER" (HOUSE_ID,CONSUMER_ID) VALUES (4,1);
INSERT INTO "BBT"."HOUSE_CONSUMER" (HOUSE_ID,CONSUMER_ID) VALUES (5,4);
INSERT INTO "BBT"."HOUSE_CONSUMER" (HOUSE_ID,CONSUMER_ID) VALUES (5,5);
INSERT INTO "BBT"."HOUSE_CONSUMER" (HOUSE_ID,CONSUMER_ID) VALUES (6,2);
INSERT INTO "BBT"."HOUSE_CONSUMER" (HOUSE_ID,CONSUMER_ID) VALUES (6,4);
INSERT INTO "BBT"."HOUSE_CONSUMER" (HOUSE_ID,CONSUMER_ID) VALUES (7,6);
